sequence_file,sequence_name,kmer,hashval
testdata/sequences.fasta,"NC_011665.1 Shewanella baltica OS223 plasmid pS22303, complete sequence",ACTCACCTCTAGCCTACGCCTCATATGATGT,12868775358248804
testdata/sequences.fasta,"NC_011665.1 Shewanella baltica OS223 plasmid pS22303, complete sequence",TCGCTGGTTAAACGCAAAGTAATTGGACTGA,13894176996423815
testdata/sequences.fasta,"NC_011665.1 Shewanella baltica OS223 plasmid pS22303, complete sequence",CAAGAAGCTGGATGAATTAGAAATGCGGTTA,12574953991866005
testdata/sequences.fasta,"NC_011665.1 Shewanella baltica OS223 plasmid pS22303, complete sequence",TTAATCGGCTTTACCGTAGCCATGATCAGTA,16887131664281014
testdata/sequences.fasta,"NC_011665.1 Shewanella baltica OS223 plasmid pS22303, complete sequence",TCTCGTCAAAATAACGGGCACGTTAAACAAA,7987424295175338
testdata/sequences.fasta,"NC_011665.1 Shewanella baltica OS223 plasmid pS22303, complete sequence",ATTAGCTGAGCAATACCACCCGATTATTGAG,2947035710205399
testdata/sequences.fasta,"NC_011665.1 Shewanella baltica OS223 plasmid pS22303, complete sequence",TCCGCAGGGTTACTCTTGCCAACAATGCGCC,7430512069482015
testdata/sequences.fasta,"NC_011665.1 Shewanella baltica OS223 plasmid pS22303, complete sequence",TACTCGATGCCATTGAACTGACAGCCCAACA,11401700519195899
testdata/sequences.fasta,"NC_011665.1 Shewanella baltica OS223 plasmid pS22303, complete sequence",TTTACTTTGACCAGCAAGGAAACCTCAGCCG,4421125787216995
testdata/sequences.fasta,"NC_011665.1 Shewanella baltica OS223 plasmid pS22303, complete sequence",ATCTTCACGCTACTGTTATCATCCCTTGGCC,457671098462976
testdata/sequences.fasta,"NC_011665.1 Shewanella baltica OS223 plasmid pS22303, complete sequence",ACACAGCAACGATGGATACGCCTGTTGCGGC,3549947024705822
testdata/sequences.fasta,"NC_011665.1 Shewanella baltica OS223 plasmid pS22303, complete sequence",AATGATTACGCGTTAGTGTTTTTCTTTCGCT,13860370948717274
testdata/sequences.fasta,"NC_011665.1 Shewanella baltica OS223 plasmid pS22303, complete sequence",TCACTGCTGACCGACAACAATAACCTGATTA,1339674524726757
testdata/sequences.fasta,"NC_011665.1 Shewanella baltica OS223 plasmid pS22303, complete sequence",ACCAATACTTACGCCAAAATCATCAGCGTGC,2296330477067902
testdata/sequences.fasta,"NC_011665.1 Shewanella baltica OS223 plasmid pS22303, complete sequence",ATAACGCGATTATGAAATGGTGCGCGGTTTA,13851419674057285
testdata/sequences.fasta,"NC_011665.1 Shewanella baltica OS223 plasmid pS22303, complete sequence",AATAGAGGGTAAACAAGCAAGCGAAAGTATC,8336794237476945
testdata/sequences.fasta,"NC_011665.1 Shewanella baltica OS223 plasmid pS22303, complete sequence",GGCTTCGCAGATATGCGTAGTACGGTTAAGT,2154825108832254
testdata/sequences.fasta,"NC_011665.1 Shewanella baltica OS223 plasmid pS22303, complete sequence",ACCTTATTATCGATGTATGTCGGAGCAGAAG,4501876131664304
testdata/sequences.fasta,"NC_011665.1 Shewanella baltica OS223 plasmid pS22303, complete sequence",CCAAACGGGCGAATTTGAGCGTATCCAAGGC,1996672784729607
testdata/sequences.fasta,"NC_011665.1 Shewanella baltica OS223 plasmid pS22303, complete sequence",ACTTAGCCGCCAATACCCACGTCTTAACACA,395356088720884
testdata/sequences.fasta,"NC_011665.1 Shewanella baltica OS223 plasmid pS22303, complete sequence",TACGGCGCTAATGAAATCAGGGATGGCGTAT,13669670567123455
testdata/sequences.fasta,"NC_011665.1 Shewanella baltica OS223 plasmid pS22303, complete sequence",ACGATCAACAAAGGCAATAATTCAGACTATA,14841572903295226
testdata/sequences.fasta,"NC_011665.1 Shewanella baltica OS223 plasmid pS22303, complete sequence",CGTTCTCGTCTTCGCCTAACTTCCTGACTCA,10266820110531598
testdata/sequences.fasta,"NC_009661.1 Shewanella baltica OS185 plasmid pS18501, complete sequence",ATTTATCTTTAATATTCACAAAAAGGTTTGA,13485627420255013
testdata/sequences.fasta,"NC_009661.1 Shewanella baltica OS185 plasmid pS18501, complete sequence",TAACCGCATTTCTAATTCATCCAGCTTCTTG,12574953991866005
testdata/sequences.fasta,"NC_009661.1 Shewanella baltica OS185 plasmid pS18501, complete sequence",TCAGTCCAATTACTTTGCGTTTAACCAGCGA,13894176996423815
testdata/sequences.fasta,"NC_009661.1 Shewanella baltica OS185 plasmid pS18501, complete sequence",TGGCAAAACAAGTTAAGTGCATTGTTCTAGC,5335020091722251
testdata/sequences.fasta,"NC_009661.1 Shewanella baltica OS185 plasmid pS18501, complete sequence",TATCCGCAGGCATTTAAAGATGAAGCCGTCT,13630191002096322
testdata/sequences.fasta,"NC_009661.1 Shewanella baltica OS185 plasmid pS18501, complete sequence",GGTCAGCGTGAATCAGTCTGGGGCTTTGTTT,5489284312856062
testdata/sequences.fasta,"NC_009661.1 Shewanella baltica OS185 plasmid pS18501, complete sequence",GTGCAATTGATCCCTGCTCAACATGTTAAGC,4676205735481526
testdata/sequences.fasta,"NC_009661.1 Shewanella baltica OS185 plasmid pS18501, complete sequence",TGATCTTCTCTGTCGGCAGGTTGCAATTACA,8676906171988104
testdata/sequences.fasta,"NC_009661.1 Shewanella baltica OS185 plasmid pS18501, complete sequence",TGCCATCGCAATCGAGTTCTGGTGGAAAAGT,11261264491503353
testdata/sequences.fasta,"NC_009661.1 Shewanella baltica OS185 plasmid pS18501, complete sequence",CGATGGTTTAATGCACTTGCGTTAAGGCAAG,8471415745047933
testdata/sequences.fasta,"NC_009661.1 Shewanella baltica OS185 plasmid pS18501, complete sequence",AGACGGCTTCATCTTTAAATGCCTGCGGATA,13630191002096322
testdata/sequences.fasta,"NC_009661.1 Shewanella baltica OS185 plasmid pS18501, complete sequence",CCAAATTAATGGCTGAACACATGGTGGCTAT,17420499051739414
testdata/sequences.fasta,"NC_009661.1 Shewanella baltica OS185 plasmid pS18501, complete sequence",GATTTTTAATAGACGAAGAGTTAAAACCATT,13099158956896694
testdata/sequences.fasta,"NC_009661.1 Shewanella baltica OS185 plasmid pS18501, complete sequence",CGTACCATTTCGAAACAACAGGCAAAATAAT,14981979822436646
testdata/sequences.fasta,"NC_009661.1 Shewanella baltica OS185 plasmid pS18501, complete sequence",GTAACTGATAAGGGGTCGATCAATTCAGCCC,9630291603264391
testdata/sequences.fasta,"NC_009661.1 Shewanella baltica OS185 plasmid pS18501, complete sequence",TACAGATAAGCGTAACTATTGGAACCCTGGA,2556506799873846
testdata/sequences.fasta,"NC_009661.1 Shewanella baltica OS185 plasmid pS18501, complete sequence",ATTAAAATCAGTTCGTAGTAGCCCCAATATT,6980494356161697
testdata/sequences.fasta,"NC_009661.1 Shewanella baltica OS185 plasmid pS18501, complete sequence",TTTAGAGCCTTAGCTTTAACTCACTTTTGTC,7134741662059672
testdata/sequences.fasta,"NC_009661.1 Shewanella baltica OS185 plasmid pS18501, complete sequence",GGGTAAGCGGCTTCCCTTCACCTGCTGCAGA,8444597753784738
testdata/sequences.fasta,"NC_009661.1 Shewanella baltica OS185 plasmid pS18501, complete sequence",TATCCGCAGGCATTTAAAGATGAAGCCGTCT,13630191002096322
testdata/sequences.fasta,"NC_009661.1 Shewanella baltica OS185 plasmid pS18501, complete sequence",GTTCGGATTAATCGATGCCGACTCGTTTTAT,11950767340516423
testdata/sequences.fasta,"NC_009661.1 Shewanella baltica OS185 plasmid pS18501, complete sequence",TCCTAAATATTCGATGAGTAAACCACAGCGG,12157910100394424
testdata/sequences.fasta,"NC_009661.1 Shewanella baltica OS185 plasmid pS18501, complete sequence",TGAGTCAGGAAGTTAGGCGAAGACGAGAACG,10266820110531598
testdata/sequences.fasta,"NC_009661.1 Shewanella baltica OS185 plasmid pS18501, complete sequence",AGCTGGCAGGCGATAGACATTACAACGAGCA,3705003329123112
testdata/sequences.fasta,"NC_009661.1 Shewanella baltica OS185 plasmid pS18501, complete sequence",TGCTCGAATCATTAGCGACCGCAAAATTGGA,9745464335501377
testdata/sequences.fasta,"NC_009661.1 Shewanella baltica OS185 plasmid pS18501, complete sequence",GCAGCCTATGAGCAAGCCGTACAAGCCGATG,12880367229968159
testdata/sequences.fasta,"NC_009661.1 Shewanella baltica OS185 plasmid pS18501, complete sequence",GTTGTCGGTGGGGCGCGGTATCGATGCCAAG,11479308399516360
testdata/sequences.fasta,"NC_009661.1 Shewanella baltica OS185 plasmid pS18501, complete sequence",AAAATAAAGAGGACTAAGTGTCCTCTTTATA,15911665623700279
testdata/sequences.fasta,"NC_009661.1 Shewanella baltica OS185 plasmid pS18501, complete sequence",TATAGTCTGAATTATTGCCTTTGTTGATCGT,14841572903295226
testdata/sequences.fasta,"NC_009661.1 Shewanella baltica OS185 plasmid pS18501, complete sequence",AATTAAGGTGCCTTTATCGCCGGTTTTCCAG,16850886838136612
testdata/sequences.fasta,"NC_009661.1 Shewanella baltica OS185 plasmid pS18501, complete sequence",TGCGCTGTCATTAAGCGCTTATCGCCGCCCA,6304297838290460
testdata/sequences.fasta,"NC_009661.1 Shewanella baltica OS185 plasmid pS18501, complete sequence",ATACGCCATCCCTGATTTCATTAGCGCCGTA,13669670567123455
testdata/sequences.fasta,"NC_009661.1 Shewanella baltica OS185 plasmid pS18501, complete sequence",TGTGTTAAGACGTGGGTATTGGCGGCTAAGT,395356088720884
testdata/sequences.fasta,"NC_009661.1 Shewanella baltica OS185 plasmid pS18501, complete sequence",GCCTTGGATACGCTCAAATTCGCCCGTTTGG,1996672784729607
testdata/sequences.fasta,"NC_009661.1 Shewanella baltica OS185 plasmid pS18501, complete sequence",CTTCTGCTCCGACATACATCGATAATAAGGT,4501876131664304
testdata/sequences.fasta,"NC_009661.1 Shewanella baltica OS185 plasmid pS18501, complete sequence",ACTTAACCGTACTACGCATATCTGCGAAGCC,2154825108832254
testdata/sequences.fasta,"NC_009661.1 Shewanella baltica OS185 plasmid pS18501, complete sequence",GATACTTTCGCTTGCTTGTTTACCCTCTATT,8336794237476945
testdata/sequences.fasta,"NC_009661.1 Shewanella baltica OS185 plasmid pS18501, complete sequence",TAAACCGCGCACCATTTCATAATCGCGTTAT,13851419674057285
testdata/sequences.fasta,"NC_009661.1 Shewanella baltica OS185 plasmid pS18501, complete sequence",GCACGCTGATGATTTTGGCGTAAGTATTGGT,2296330477067902
testdata/sequences.fasta,"NC_009661.1 Shewanella baltica OS185 plasmid pS18501, complete sequence",TAATCAGGTTATTGTTGTCGGTCAGCAGTGA,1339674524726757
testdata/sequences.fasta,"NC_009661.1 Shewanella baltica OS185 plasmid pS18501, complete sequence",TTTCAGTTTCGGGGCGAACTGGTGGCAGTAA,11958460182520420
testdata/sequences.fasta,"NC_009661.1 Shewanella baltica OS185 plasmid pS18501, complete sequence",AGCGAAAGAAAAACACTAACGCGTAATCATT,13860370948717274
testdata/sequences.fasta,"NC_009661.1 Shewanella baltica OS185 plasmid pS18501, complete sequence",GCCGCAACAGGCGTATCCATCGTTGCTGTGT,3549947024705822
testdata/sequences.fasta,"NC_009661.1 Shewanella baltica OS185 plasmid pS18501, complete sequence",GGCCAAGGGATGATAACAGTAGCGTGAAGAT,457671098462976
testdata/sequences.fasta,"NC_009661.1 Shewanella baltica OS185 plasmid pS18501, complete sequence",CGGCTGAGGTTTCCTTGCTGGTCAAAGTAAA,4421125787216995
testdata/sequences.fasta,"NC_009661.1 Shewanella baltica OS185 plasmid pS18501, complete sequence",TGTTGGGCTGTCAGTTCAATGGCATCGAGTA,11401700519195899
testdata/sequences.fasta,"NC_009661.1 Shewanella baltica OS185 plasmid pS18501, complete sequence",AACGGGTTTAGGAAAATCTGCGAACTATCGA,8333295411468735
testdata/sequences.fasta,"NC_009661.1 Shewanella baltica OS185 plasmid pS18501, complete sequence",GGCGCATTGTTGGCAAGAGTAACCCTGCGGA,7430512069482015
testdata/sequences.fasta,"NC_009661.1 Shewanella baltica OS185 plasmid pS18501, complete sequence",CTCAATAATCGGGTGGTATTGCTCAGCTAAT,2947035710205399
testdata/sequences.fasta,"NC_009661.1 Shewanella baltica OS185 plasmid pS18501, complete sequence",TTTGTTTAACGTGCCCGTTATTTTGACGAGA,7987424295175338
testdata/sequences.fasta,"NC_009661.1 Shewanella baltica OS185 plasmid pS18501, complete sequence",TACTGATCATGGCTACGGTAAAGCCGATTAA,16887131664281014
testdata/sequences.fasta,"NC_009661.1 Shewanella baltica OS185 plasmid pS18501, complete sequence",GGCGTTCGTCTTAAAAATGATGCGCTAAATT,18258589056361348
testdata/sequences.fasta,"NC_009661.1 Shewanella baltica OS185 plasmid pS18501, complete sequence",TGCCAATGAGCGCGTGATTCATCATGAATAA,13441217894362634
testdata/sequences.fasta,"NC_009661.1 Shewanella baltica OS185 plasmid pS18501, complete sequence",TAGTACCTATGTGACGTTTGATGTTAACGGG,8478129640091772
testdata/sequences.fasta,"NC_009661.1 Shewanella baltica OS185 plasmid pS18501, complete sequence",TAGTTTTACGTCACTCAAATTAGATAATTGC,16555675508895642
testdata/sequences.fasta,"NC_009661.1 Shewanella baltica OS185 plasmid pS18501, complete sequence",AAATAATTGAAATTTTTCAGTGGTGGAAATT,306041902505698
testdata/sequences.fasta,"NC_009661.1 Shewanella baltica OS185 plasmid pS18501, complete sequence",CTGCTTAAGAGCAGATAAAATCTATGAACAA,10691866174146243
testdata/sequences.fasta,"NC_009661.1 Shewanella baltica OS185 plasmid pS18501, complete sequence",ATGACCTTGTTGAAGCCATTGTTGCTCTGCC,14775120243637151
testdata/sequences.fasta,"NC_009661.1 Shewanella baltica OS185 plasmid pS18501, complete sequence",ATTGAGTCCGATGACGGATACCCTGTTTACG,10196461247193047
testdata/sequences.fasta,"NC_009661.1 Shewanella baltica OS185 plasmid pS18501, complete sequence",TAAAACGGATGACAAACGTAGTCTCCAGGCC,17848382043638116
testdata/sequences.fasta,"NC_009661.1 Shewanella baltica OS185 plasmid pS18501, complete sequence",ATCAGCGCATCAGGAAAAGCATTTTCAACGT,4388622108830575
testdata/sequences.fasta,"NC_009661.1 Shewanella baltica OS185 plasmid pS18501, complete sequence",ATGACTGTGGATGAACTGTTAGAGCAACTGC,15413173941024438
testdata/sequences.fasta,"NC_009661.1 Shewanella baltica OS185 plasmid pS18501, complete sequence",GATATGTGGCGACCATTTAAACGGTCTTTTG,12418785272430115
testdata/sequences.fasta,"NC_009661.1 Shewanella baltica OS185 plasmid pS18501, complete sequence",ATTTTTGCCAAACGCAAAGTTGGTAATTGAT,8279996819873290
testdata/sequences.fasta,"NC_009661.1 Shewanella baltica OS185 plasmid pS18501, complete sequence",AGAAGAAGAGCGTAAAAAATATCAGGTACAG,1483592564337201
testdata/sequences.fasta,"NC_009661.1 Shewanella baltica OS185 plasmid pS18501, complete sequence",AGATGTCTAATCGACTTGGGCGTGGCTATAG,4641458089041250
testdata/sequences.fasta,"NC_011665.1 Shewanella baltica OS223 plasmid pS22303, complete sequence",ACTCACCTCTAGCCTACGCCTCATATGATGT,12868775358248804
testdata/sequences.fasta,"NC_011665.1 Shewanella baltica OS223 plasmid pS22303, complete sequence",TCGCTGGTTAAACGCAAAGTAATTGGACTGA,13894176996423815
testdata/sequences.fasta,"NC_011665.1 Shewanella baltica OS223 plasmid pS22303, complete sequence",CAAGAAGCTGGATGAATTAGAAATGCGGTTA,12574953991866005
testdata/sequences.fasta,"NC_011665.1 Shewanella baltica OS223 plasmid pS22303, complete sequence",TTAATCGGCTTTACCGTAGCCATGATCAGTA,16887131664281014
testdata/sequences.fasta,"NC_011665.1 Shewanella baltica OS223 plasmid pS22303, complete sequence",TCTCGTCAAAATAACGGGCACGTTAAACAAA,7987424295175338
testdata/sequences.fasta,"NC_011665.1 Shewanella baltica OS223 plasmid pS22303, complete sequence",ATTAGCTGAGCAATACCACCCGATTATTGAG,2947035710205399
testdata/sequences.fasta,"NC_011665.1 Shewanella baltica OS223 plasmid pS22303, complete sequence",TCCGCAGGGTTACTCTTGCCAACAATGCGCC,7430512069482015
testdata/sequences.fasta,"NC_011665.1 Shewanella baltica OS223 plasmid pS22303, complete sequence",TACTCGATGCCATTGAACTGACAGCCCAACA,11401700519195899
testdata/sequences.fasta,"NC_011665.1 Shewanella baltica OS223 plasmid pS22303, complete sequence",TTTACTTTGACCAGCAAGGAAACCTCAGCCG,4421125787216995
testdata/sequences.fasta,"NC_011665.1 Shewanella baltica OS223 plasmid pS22303, complete sequence",ATCTTCACGCTACTGTTATCATCCCTTGGCC,457671098462976
testdata/sequences.fasta,"NC_011665.1 Shewanella baltica OS223 plasmid pS22303, complete sequence",ACACAGCAACGATGGATACGCCTGTTGCGGC,3549947024705822
testdata/sequences.fasta,"NC_011665.1 Shewanella baltica OS223 plasmid pS22303, complete sequence",AATGATTACGCGTTAGTGTTTTTCTTTCGCT,13860370948717274
testdata/sequences.fasta,"NC_011665.1 Shewanella baltica OS223 plasmid pS22303, complete sequence",TCACTGCTGACCGACAACAATAACCTGATTA,1339674524726757
testdata/sequences.fasta,"NC_011665.1 Shewanella baltica OS223 plasmid pS22303, complete sequence",ACCAATACTTACGCCAAAATCATCAGCGTGC,2296330477067902
testdata/sequences.fasta,"NC_011665.1 Shewanella baltica OS223 plasmid pS22303, complete sequence",ATAACGCGATTATGAAATGGTGCGCGGTTTA,13851419674057285
testdata/sequences.fasta,"NC_011665.1 Shewanella baltica OS223 plasmid pS22303, complete sequence",AATAGAGGGTAAACAAGCAAGCGAAAGTATC,8336794237476945
testdata/sequences.fasta,"NC_011665.1 Shewanella baltica OS223 plasmid pS22303, complete sequence",GGCTTCGCAGATATGCGTAGTACGGTTAAGT,2154825108832254
testdata/sequences.fasta,"NC_011665.1 Shewanella baltica OS223 plasmid pS22303, complete sequence",ACCTTATTATCGATGTATGTCGGAGCAGAAG,4501876131664304
testdata/sequences.fasta,"NC_011665.1 Shewanella baltica OS223 plasmid pS22303, complete sequence",CCAAACGGGCGAATTTGAGCGTATCCAAGGC,1996672784729607
testdata/sequences.fasta,"NC_011665.1 Shewanella baltica OS223 plasmid pS22303, complete sequence",ACTTAGCCGCCAATACCCACGTCTTAACACA,395356088720884
testdata/sequences.fasta,"NC_011665.1 Shewanella baltica OS223 plasmid pS22303, complete sequence",TACGGCGCTAATGAAATCAGGGATGGCGTAT,13669670567123455
testdata/sequences.fasta,"NC_011665.1 Shewanella baltica OS223 plasmid pS22303, complete sequence",ACGATCAACAAAGGCAATAATTCAGACTATA,14841572903295226
testdata/sequences.fasta,"NC_011665.1 Shewanella baltica OS223 plasmid pS22303, complete sequence",CGTTCTCGTCTTCGCCTAACTTCCTGACTCA,10266820110531598
testdata/sequences.fasta,"NC_009661.1 Shewanella baltica OS185 plasmid pS18501, complete sequence",ATTTATCTTTAATATTCACAAAAAGGTTTGA,13485627420255013
testdata/sequences.fasta,"NC_009661.1 Shewanella baltica OS185 plasmid pS18501, complete sequence",TAACCGCATTTCTAATTCATCCAGCTTCTTG,12574953991866005
testdata/sequences.fasta,"NC_009661.1 Shewanella baltica OS185 plasmid pS18501, complete sequence",TCAGTCCAATTACTTTGCGTTTAACCAGCGA,13894176996423815
testdata/sequences.fasta,"NC_009661.1 Shewanella baltica OS185 plasmid pS18501, complete sequence",TGGCAAAACAAGTTAAGTGCATTGTTCTAGC,5335020091722251
testdata/sequences.fasta,"NC_009661.1 Shewanella baltica OS185 plasmid pS18501, complete sequence",TATCCGCAGGCATTTAAAGATGAAGCCGTCT,13630191002096322
testdata/sequences.fasta,"NC_009661.1 Shewanella baltica OS185 plasmid pS18501, complete sequence",GGTCAGCGTGAATCAGTCTGGGGCTTTGTTT,5489284312856062
testdata/sequences.fasta,"NC_009661.1 Shewanella baltica OS185 plasmid pS18501, complete sequence",GTGCAATTGATCCCTGCTCAACATGTTAAGC,4676205735481526
testdata/sequences.fasta,"NC_009661.1 Shewanella baltica OS185 plasmid pS18501, complete sequence",TGATCTTCTCTGTCGGCAGGTTGCAATTACA,8676906171988104
testdata/sequences.fasta,"NC_009661.1 Shewanella baltica OS185 plasmid pS18501, complete sequence",TGCCATCGCAATCGAGTTCTGGTGGAAAAGT,11261264491503353
testdata/sequences.fasta,"NC_009661.1 Shewanella baltica OS185 plasmid pS18501, complete sequence",CGATGGTTTAATGCACTTGCGTTAAGGCAAG,8471415745047933
testdata/sequences.fasta,"NC_009661.1 Shewanella baltica OS185 plasmid pS18501, complete sequence",AGACGGCTTCATCTTTAAATGCCTGCGGATA,13630191002096322
testdata/sequences.fasta,"NC_009661.1 Shewanella baltica OS185 plasmid pS18501, complete sequence",CCAAATTAATGGCTGAACACATGGTGGCTAT,17420499051739414
testdata/sequences.fasta,"NC_009661.1 Shewanella baltica OS185 plasmid pS18501, complete sequence",GATTTTTAATAGACGAAGAGTTAAAACCATT,13099158956896694
testdata/sequences.fasta,"NC_009661.1 Shewanella baltica OS185 plasmid pS18501, complete sequence",CGTACCATTTCGAAACAACAGGCAAAATAAT,14981979822436646
testdata/sequences.fasta,"NC_009661.1 Shewanella baltica OS185 plasmid pS18501, complete sequence",GTAACTGATAAGGGGTCGATCAATTCAGCCC,9630291603264391
testdata/sequences.fasta,"NC_009661.1 Shewanella baltica OS185 plasmid pS18501, complete sequence",TACAGATAAGCGTAACTATTGGAACCCTGGA,2556506799873846
testdata/sequences.fasta,"NC_009661.1 Shewanella baltica OS185 plasmid pS18501, complete sequence",ATTAAAATCAGTTCGTAGTAGCCCCAATATT,6980494356161697
testdata/sequences.fasta,"NC_009661.1 Shewanella baltica OS185 plasmid pS18501, complete sequence",TTTAGAGCCTTAGCTTTAACTCACTTTTGTC,7134741662059672
testdata/sequences.fasta,"NC_009661.1 Shewanella baltica OS185 plasmid pS18501, complete sequence",GGGTAAGCGGCTTCCCTTCACCTGCTGCAGA,8444597753784738
testdata/sequences.fasta,"NC_009661.1 Shewanella baltica OS185 plasmid pS18501, complete sequence",TATCCGCAGGCATTTAAAGATGAAGCCGTCT,13630191002096322
testdata/sequences.fasta,"NC_009661.1 Shewanella baltica OS185 plasmid pS18501, complete sequence",GTTCGGATTAATCGATGCCGACTCGTTTTAT,11950767340516423
testdata/sequences.fasta,"NC_009661.1 Shewanella baltica OS185 plasmid pS18501, complete sequence",TCCTAAATATTCGATGAGTAAACCACAGCGG,12157910100394424
testdata/sequences.fasta,"NC_009661.1 Shewanella baltica OS185 plasmid pS18501, complete sequence",TGAGTCAGGAAGTTAGGCGAAGACGAGAACG,10266820110531598
testdata/sequences.fasta,"NC_009661.1 Shewanella baltica OS185 plasmid pS18501, complete sequence",AGCTGGCAGGCGATAGACATTACAACGAGCA,3705003329123112
testdata/sequences.fasta,"NC_009661.1 Shewanella baltica OS185 plasmid pS18501, complete sequence",TGCTCGAATCATTAGCGACCGCAAAATTGGA,9745464335501377
testdata/sequences.fasta,"NC_009661.1 Shewanella baltica OS185 plasmid pS18501, complete sequence",GCAGCCTATGAGCAAGCCGTACAAGCCGATG,12880367229968159
testdata/sequences.fasta,"NC_009661.1 Shewanella baltica OS185 plasmid pS18501, complete sequence",GTTGTCGGTGGGGCGCGGTATCGATGCCAAG,11479308399516360
testdata/sequences.fasta,"NC_009661.1 Shewanella baltica OS185 plasmid pS18501, complete sequence",AAAATAAAGAGGACTAAGTGTCCTCTTTATA,15911665623700279
testdata/sequences.fasta,"NC_009661.1 Shewanella baltica OS185 plasmid pS18501, complete sequence",TATAGTCTGAATTATTGCCTTTGTTGATCGT,14841572903295226
testdata/sequences.fasta,"NC_009661.1 Shewanella baltica OS185 plasmid pS18501, complete sequence",AATTAAGGTGCCTTTATCGCCGGTTTTCCAG,16850886838136612
testdata/sequences.fasta,"NC_009661.1 Shewanella baltica OS185 plasmid pS18501, complete sequence",TGCGCTGTCATTAAGCGCTTATCGCCGCCCA,6304297838290460
testdata/sequences.fasta,"NC_009661.1 Shewanella baltica OS185 plasmid pS18501, complete sequence",ATACGCCATCCCTGATTTCATTAGCGCCGTA,13669670567123455
testdata/sequences.fasta,"NC_009661.1 Shewanella baltica OS185 plasmid pS18501, complete sequence",TGTGTTAAGACGTGGGTATTGGCGGCTAAGT,395356088720884
testdata/sequences.fasta,"NC_009661.1 Shewanella baltica OS185 plasmid pS18501, complete sequence",GCCTTGGATACGCTCAAATTCGCCCGTTTGG,1996672784729607
testdata/sequences.fasta,"NC_009661.1 Shewanella baltica OS185 plasmid pS18501, complete sequence",CTTCTGCTCCGACATACATCGATAATAAGGT,4501876131664304
testdata/sequences.fasta,"NC_009661.1 Shewanella baltica OS185 plasmid pS18501, complete sequence",ACTTAACCGTACTACGCATATCTGCGAAGCC,2154825108832254
testdata/sequences.fasta,"NC_009661.1 Shewanella baltica OS185 plasmid pS18501, complete sequence",GATACTTTCGCTTGCTTGTTTACCCTCTATT,8336794237476945
testdata/sequences.fasta,"NC_009661.1 Shewanella baltica OS185 plasmid pS18501, complete sequence",TAAACCGCGCACCATTTCATAATCGCGTTAT,13851419674057285
testdata/sequences.fasta,"NC_009661.1 Shewanella baltica OS185 plasmid pS18501, complete sequence",GCACGCTGATGATTTTGGCGTAAGTATTGGT,2296330477067902
testdata/sequences.fasta,"NC_009661.1 Shewanella baltica OS185 plasmid pS18501, complete sequence",TAATCAGGTTATTGTTGTCGGTCAGCAGTGA,1339674524726757
testdata/sequences.fasta,"NC_009661.1 Shewanella baltica OS185 plasmid pS18501, complete sequence",TTTCAGTTTCGGGGCGAACTGGTGGCAGTAA,11958460182520420
testdata/sequences.fasta,"NC_009661.1 Shewanella baltica OS185 plasmid pS18501, complete sequence",AGCGAAAGAAAAACACTAACGCGTAATCATT,13860370948717274
testdata/sequences.fasta,"NC_009661.1 Shewanella baltica OS185 plasmid pS18501, complete sequence",GCCGCAACAGGCGTATCCATCGTTGCTGTGT,3549947024705822
testdata/sequences.fasta,"NC_009661.1 Shewanella baltica OS185 plasmid pS18501, complete sequence",GGCCAAGGGATGATAACAGTAGCGTGAAGAT,457671098462976
testdata/sequences.fasta,"NC_009661.1 Shewanella baltica OS185 plasmid pS18501, complete sequence",CGGCTGAGGTTTCCTTGCTGGTCAAAGTAAA,4421125787216995
testdata/sequences.fasta,"NC_009661.1 Shewanella baltica OS185 plasmid pS18501, complete sequence",TGTTGGGCTGTCAGTTCAATGGCATCGAGTA,11401700519195899
testdata/sequences.fasta,"NC_009661.1 Shewanella baltica OS185 plasmid pS18501, complete sequence",AACGGGTTTAGGAAAATCTGCGAACTATCGA,8333295411468735
testdata/sequences.fasta,"NC_009661.1 Shewanella baltica OS185 plasmid pS18501, complete sequence",GGCGCATTGTTGGCAAGAGTAACCCTGCGGA,7430512069482015
testdata/sequences.fasta,"NC_009661.1 Shewanella baltica OS185 plasmid pS18501, complete sequence",CTCAATAATCGGGTGGTATTGCTCAGCTAAT,2947035710205399
testdata/sequences.fasta,"NC_009661.1 Shewanella baltica OS185 plasmid pS18501, complete sequence",TTTGTTTAACGTGCCCGTTATTTTGACGAGA,7987424295175338
testdata/sequences.fasta,"NC_009661.1 Shewanella baltica OS185 plasmid pS18501, complete sequence",TACTGATCATGGCTACGGTAAAGCCGATTAA,16887131664281014
testdata/sequences.fasta,"NC_009661.1 Shewanella baltica OS185 plasmid pS18501, complete sequence",GGCGTTCGTCTTAAAAATGATGCGCTAAATT,18258589056361348
testdata/sequences.fasta,"NC_009661.1 Shewanella baltica OS185 plasmid pS18501, complete sequence",TGCCAATGAGCGCGTGATTCATCATGAATAA,13441217894362634
testdata/sequences.fasta,"NC_009661.1 Shewanella baltica OS185 plasmid pS18501, complete sequence",TAGTACCTATGTGACGTTTGATGTTAACGGG,8478129640091772
testdata/sequences.fasta,"NC_009661.1 Shewanella baltica OS185 plasmid pS18501, complete sequence",TAGTTTTACGTCACTCAAATTAGATAATTGC,16555675508895642
testdata/sequences.fasta,"NC_009661.1 Shewanella baltica OS185 plasmid pS18501, complete sequence",AAATAATTGAAATTTTTCAGTGGTGGAAATT,306041902505698
testdata/sequences.fasta,"NC_009661.1 Shewanella baltica OS185 plasmid pS18501, complete sequence",CTGCTTAAGAGCAGATAAAATCTATGAACAA,10691866174146243
testdata/sequences.fasta,"NC_009661.1 Shewanella baltica OS185 plasmid pS18501, complete sequence",ATGACCTTGTTGAAGCCATTGTTGCTCTGCC,14775120243637151
testdata/sequences.fasta,"NC_009661.1 Shewanella baltica OS185 plasmid pS18501, complete sequence",ATTGAGTCCGATGACGGATACCCTGTTTACG,10196461247193047
testdata/sequences.fasta,"NC_009661.1 Shewanella baltica OS185 plasmid pS18501, complete sequence",TAAAACGGATGACAAACGTAGTCTCCAGGCC,17848382043638116
testdata/sequences.fasta,"NC_009661.1 Shewanella baltica OS185 plasmid pS18501, complete sequence",ATCAGCGCATCAGGAAAAGCATTTTCAACGT,4388622108830575
testdata/sequences.fasta,"NC_009661.1 Shewanella baltica OS185 plasmid pS18501, complete sequence",ATGACTGTGGATGAACTGTTAGAGCAACTGC,15413173941024438
testdata/sequences.fasta,"NC_009661.1 Shewanella baltica OS185 plasmid pS18501, complete sequence",GATATGTGGCGACCATTTAAACGGTCTTTTG,12418785272430115
testdata/sequences.fasta,"NC_009661.1 Shewanella baltica OS185 plasmid pS18501, complete sequence",ATTTTTGCCAAACGCAAAGTTGGTAATTGAT,8279996819873290
testdata/sequences.fasta,"NC_009661.1 Shewanella baltica OS185 plasmid pS18501, complete sequence",AGAAGAAGAGCGTAAAAAATATCAGGTACAG,1483592564337201
testdata/sequences.fasta,"NC_009661.1 Shewanella baltica OS185 plasmid pS18501, complete sequence",AGATGTCTAATCGACTTGGGCGTGGCTATAG,4641458089041250
